{
  "dice": {
    "num_slices": 1116,
    "mean_dice": 0.44590781160608317,
    "std_dice": 0.31596458282262463,
    "min_dice": 7.305669263990566e-11,
    "max_dice": 1.0
  },
  "timing": {
    "mean_ms_per_slice": 4.033902054652572,
    "std_ms_per_slice": 0.09247654153842977
  }
}