{
  "dice": {
    "num_slices": 1116,
    "mean_dice": 0.4722937277917881,
    "std_dice": 0.31268405740746147,
    "min_dice": 5.6899002870425264e-11,
    "max_dice": 1.0
  },
  "timing": {
    "mean_ms_per_slice": 4.106130573200062,
    "std_ms_per_slice": 0.026165226740481533
  }
}