{
  "dice": {
    "num_slices": 1116,
    "mean_dice": 0.48406442717584736,
    "std_dice": 0.28637134599727854,
    "min_dice": 7.170000704270763e-11,
    "max_dice": 1.0
  },
  "timing": {
    "mean_ms_per_slice": 4.027676774421707,
    "std_ms_per_slice": 0.012196819083806126
  }
}